design_id,subsystem,historical_design_status,implementation_assessment,proposed_delivery_gates,source_evidence_or_design_reference,acceptance_status
1,Kernel & Process Model,completed,Partial: direct Wasmtime processes; proposed worker model absent from live launcher,M0/M1/M2,supervisor/src/app_threads.rs,not release-qualified by this review
2,Virtual Memory & Address Space,completed,Partial: memory telemetry; production quota enforcement not established,M0/M1/M2,supervisor/src/hardware/memory.rs; supervisor/src/app_threads.rs,not release-qualified by this review
3,Inter-Process Communication (IPC),completed,Partial: line routing; authorization and bounded delivery gaps,M0/M1/M2,supervisor/src/router.rs; supervisor/src/ipc_handlers/mod.rs,not release-qualified by this review
4,File System & VFS Layer,completed,Partial: VFS helpers; broad data preopen and 9P/tmpfs persistence path,M1/M2/M3/M5,supervisor/src/storage/vfs.rs; supervisor/src/system/mount.rs,not release-qualified by this review
5,Scheduler & CPU Management,completed,Partial: lifecycle/restart and CPU helpers; hard per-app budgets not wired in launch path,M0/M1/M2,supervisor/src/lifecycle.rs; supervisor/src/app_threads.rs,not release-qualified by this review
6,Device Driver Model,completed,Design reviewed; implementation not individually established by this review,M1/M2/M4; expansion M7,docs/superpowers/specs/desktop-os-vision/master-spec.md,not release-qualified by this review
7,Power Management & Energy,completed,Partial: battery/ACPI helpers; hardware sleep/wake not validated,M1/M2/M4; expansion M7,supervisor/src/hardware/acpi.rs; supervisor/src/hardware/battery.rs,not release-qualified by this review
8,Boot Sequence & Init System,completed,Partial: direct-kernel boot; installer steps are placeholders,M0/M1/M2,supervisor/src/main.rs; supervisor/src/system/installer.rs,not release-qualified by this review
9,Hardware Abstraction Layer,completed,Partial: HAL declarations/profile configuration; device implementation not validated,M1/M2/M4; expansion M7,supervisor/src/hal/mod.rs; supervisor/src/profile/loader.rs,not release-qualified by this review
10,Interrupt & Exception Handling,completed,Design reviewed; implementation not individually established by this review,M1/M2/M4; expansion M7,docs/superpowers/specs/desktop-os-vision/master-spec.md,not release-qualified by this review
11,Display Server & Compositor,completed,Implemented path: software composition/DRM; current image not boot-tested,M3/M4; advanced features M7,supervisor/src/display/drm.rs; supervisor/src/draw_cmd/compositor.rs,not release-qualified by this review
12,GPU Acceleration Layer,completed,Unverified: DRM dumb buffers do not establish accelerated rendering,M3/M4; advanced features M7,supervisor/src/display/drm.rs,not release-qualified by this review
13,Font System & Typography,completed,Partial: fontdue rendering and cache; full shaping/IME workflow unverified,M3/M4; advanced features M7,supervisor/src/font/mod.rs; supervisor/src/font/cache.rs,not release-qualified by this review
14,Image & Icon Pipeline,completed,Partial: PNG/image pipeline; content robustness and full format coverage unverified,M3/M4; advanced features M7,supervisor/src/image/mod.rs,not release-qualified by this review
15,Color Management & ICC Profiles,completed,Design reviewed; implementation not individually established by this review,M3/M4; advanced features M7,docs/superpowers/specs/desktop-os-vision/master-spec.md,not release-qualified by this review
16,Animation Engine,completed,Partial: animation helpers; performance not measured,M3/M4; advanced features M7,supervisor/src/display/animator.rs,not release-qualified by this review
17,VYOMA_DRAW v3 (Advanced Rendering),completed,Partial: existing draw protocol; proposed full v3 contract not accepted,M3/M4; advanced features M7,supervisor/src/draw_cmd/parser.rs; docs/vyoma-draw-protocol.md,not release-qualified by this review
18,Screen Capture & Recording,completed,Partial: screenshot path; full recording/privacy not validated,M3/M4; advanced features M7,supervisor/src/desktop/screenshot.rs; supervisor/src/ipc_commands/system_cmd.rs,not release-qualified by this review
19,Virtual Display & Screen Mirroring,completed,Partial: VNC source exists; remote display/input/security not qualified,M3/M4; advanced features M7,supervisor/src/network/vnc.rs,not release-qualified by this review
20,HiDPI & Multi-Resolution Display,completed,Partial: display dimensions; many apps retain fixed constants,M3/M4; advanced features M7,supervisor/src/display/mod.rs; apps/text-editor/src/main.rs,not release-qualified by this review
21,Window Manager & Spaces,completed,Partial: windows/workspace/chrome implementation; interaction acceptance missing,M1/M3; advanced features M7,supervisor/src/windows.rs; supervisor/src/desktop/workspace.rs,not release-qualified by this review
22,App Lifecycle Management,completed,Partial: process launch/restart; multi-instance and restoration design not qualified,M1/M3; advanced features M7,supervisor/src/app_threads.rs; supervisor/src/lifecycle.rs,not release-qualified by this review
23,Menu Bar & System Chrome,completed,Partial: supervisor chrome plus menu-bar app; integration not qualified,M1/M3; advanced features M7,supervisor/src/desktop/chrome.rs; apps/menu-bar/src/main.rs,not release-qualified by this review
24,Dock & App Switcher,completed,Partial: dock/switcher apps; interaction not runtime-tested,M1/M3; advanced features M7,apps/dock/src/main.rs; apps/app-switcher/src/main.rs,not release-qualified by this review
25,Mission Control & Exposé,completed,App source exists; full behavior unverified,M1/M3; advanced features M7,apps/mission-control/src/main.rs,not release-qualified by this review
26,Stage Manager,completed,Design reviewed; implementation not individually established by this review,M1/M3; advanced features M7,docs/superpowers/specs/desktop-os-vision/master-spec.md,not release-qualified by this review
27,Full Screen & Split View,completed,Partial: window actions/layout logic; desktop behavior unverified,M1/M3; advanced features M7,supervisor/src/desktop/win_actions.rs; supervisor/src/windows.rs,not release-qualified by this review
28,Focus Management & Z-order,completed,Partial: focus routing/window actions; authority boundaries incomplete,M1/M3; advanced features M7,supervisor/src/input_keys.rs; supervisor/src/desktop/win_actions.rs,not release-qualified by this review
29,Desktop & Wallpaper Engine,completed,Implemented path: wallpaper/cache and desktop app; current image unverified,M1/M3; advanced features M7,supervisor/src/desktop/wallpaper.rs; apps/desktop/src/main.rs,not release-qualified by this review
30,Accessibility Tree & AX API,completed,Partial: preferences/announcements; semantic accessibility workflow unverified,M1/M3; advanced features M7,supervisor/src/desktop/accessibility.rs,not release-qualified by this review
31,Keyboard & Input Methods,completed,Partial: keyboard routing; full input method coverage unverified,M3; device breadth M7,supervisor/src/input_keys.rs,not release-qualified by this review
32,"Mouse, Trackpad & Gestures",completed,Partial: mouse routing; trackpad/gesture support not qualified,M3; device breadth M7,supervisor/src/mouse_input.rs,not release-qualified by this review
33,Touch & Stylus Input,completed,Design reviewed; implementation not individually established by this review,M3; device breadth M7,docs/superpowers/specs/desktop-os-vision/master-spec.md,not release-qualified by this review
34,Input Method Editor (IME / CJK),completed,Design reviewed; implementation not individually established by this review,M3; device breadth M7,docs/superpowers/specs/desktop-os-vision/master-spec.md,not release-qualified by this review
35,Global Shortcuts & Hotkeys,completed,Partial: keyboard shortcut handling; full contract unverified,M3; device breadth M7,supervisor/src/input_keys.rs,not release-qualified by this review
36,Cursor & Pointer System,completed,Partial: cursor implementation; device/scale matrix not qualified,M3; device breadth M7,supervisor/src/display/cursor.rs,not release-qualified by this review
37,Controller & Gamepad Input,completed,Design reviewed; implementation not individually established by this review,M3; device breadth M7,docs/superpowers/specs/desktop-os-vision/master-spec.md,not release-qualified by this review
38,Drag & Drop,completed,Partial: drag/drop helpers; cross-app permissions and workflow unverified,M3; device breadth M7,supervisor/src/desktop/drag_drop.rs,not release-qualified by this review
39,Text Input & Selection Model,completed,Partial: per-app editor logic; shared text/IME model not qualified,M3; device breadth M7,apps/text-editor/src/main.rs,not release-qualified by this review
40,Clipboard & Pasteboard,completed,Partial: global text clipboard; privacy and typed content incomplete,M3; device breadth M7,supervisor/src/ipc_commands/system_cmd.rs,not release-qualified by this review
41,File Manager (Finder equivalent),completed,App implementations exist; choose supported variant and validate document workflow,M1/M2/M3/M5,apps/file-manager/src/main.rs; apps/finder/src/main.rs,not release-qualified by this review
42,Spotlight & Metadata Search,completed,Spotlight app exists; full metadata indexing/search not qualified,M1/M2/M3/M5,apps/spotlight/src/main.rs,not release-qualified by this review
43,File Coordination & Locking,completed,Design reviewed; implementation not individually established by this review,M1/M2/M3/M5,docs/superpowers/specs/desktop-os-vision/master-spec.md,not release-qualified by this review
44,Cloud Storage Sync,completed,Design reviewed; implementation not individually established by this review,M2 foundation; full service M7,docs/superpowers/specs/desktop-os-vision/master-spec.md,not release-qualified by this review
45,Time Machine & Snapshots,completed,Partial: backup source exists; disaster restore/snapshot acceptance absent,M2 foundation; full service M7,supervisor/src/storage/backup.rs,not release-qualified by this review
46,Disk Management & Formatting,completed,Placeholder installer steps; full disk management unverified,M1/M2/M3/M5,supervisor/src/system/installer.rs,not release-qualified by this review
47,File Tagging & Metadata,completed,Design reviewed; implementation not individually established by this review,M2 foundation; full service M7,docs/superpowers/specs/desktop-os-vision/master-spec.md,not release-qualified by this review
48,Document Model & Recent Files,completed,Partial: file associations and editor; common document lifecycle unverified,M1/M2/M3/M5,supervisor/src/file_assoc.rs; apps/text-editor/src/main.rs,not release-qualified by this review
49,App Sandbox & Container FS,completed,Release blocker: all filesystem-enabled apps preopen all data,M1/M2/M3/M5,supervisor/src/app_threads.rs,not release-qualified by this review
50,Package Manager & App Store,completed,Partial: package/store implementations; trusted transactions incomplete,M1/M2/M3/M5,supervisor/src/storage/packages.rs; supervisor/src/storage/store.rs,not release-qualified by this review
51,Networking Stack,completed,Partial: network helpers/direct WASI; broker authorization gap,M1/M4; advanced services M7,supervisor/src/network/net.rs; supervisor/src/ipc_commands/network_cmd.rs,not release-qualified by this review
52,DNS & mDNS / Bonjour,completed,Partial: DNS helper; full DNS/mDNS service unverified,M1/M4; advanced services M7,supervisor/src/network/net.rs,not release-qualified by this review
53,VPN & Network Extensions,completed,Design reviewed; implementation not individually established by this review,M1/M4; advanced services M7,docs/superpowers/specs/desktop-os-vision/master-spec.md,not release-qualified by this review
54,Bluetooth Stack,completed,Design reviewed; implementation not individually established by this review,M1/M4; advanced services M7,docs/superpowers/specs/desktop-os-vision/master-spec.md,not release-qualified by this review
55,Wi-Fi Management,completed,Design reviewed; implementation not individually established by this review,M1/M4; advanced services M7,docs/superpowers/specs/desktop-os-vision/master-spec.md,not release-qualified by this review
56,AirDrop & P2P File Transfer,completed,Design reviewed; implementation not individually established by this review,M1/M4; advanced services M7,docs/superpowers/specs/desktop-os-vision/master-spec.md,not release-qualified by this review
57,Network Sharing & Tethering,completed,Design reviewed; implementation not individually established by this review,M1/M4; advanced services M7,docs/superpowers/specs/desktop-os-vision/master-spec.md,not release-qualified by this review
58,TLS & Certificate Store,completed,Partial: rustls dependency/network code; complete trust/time lifecycle unverified,M1/M4; advanced services M7,supervisor/Cargo.toml; supervisor/src/network/net.rs,not release-qualified by this review
59,Sandboxing & Capability Model,completed,Release blocker: supervisor IPC bypasses intended authority,M1/M2/M5; hardware TEE M7,supervisor/src/router.rs; supervisor/src/app_threads.rs,not release-qualified by this review
60,Keychain & Secret Storage,completed,Placeholder/insecure: XOR secret storage and password manager,M1/M2/M5; hardware TEE M7,supervisor/src/security/encrypted_store.rs; apps/password-manager/src/main.rs,not release-qualified by this review
61,Permissions & Privacy,completed,Partial: capability requests/UI; unified enforced policy incomplete,M1/M2/M5; hardware TEE M7,supervisor/src/security/cap_request.rs; apps/permissions/src/main.rs,not release-qualified by this review
62,Code Signing & Notarization,completed,Release blocker: optional digest check is not publisher signature verification,M1/M2/M5; hardware TEE M7,supervisor/src/verify.rs; supervisor/src/security/secure_boot.rs,not release-qualified by this review
63,Secure Enclave & TEE,completed,Design reviewed; implementation not individually established by this review,M1/M2/M5; hardware TEE M7,docs/superpowers/specs/desktop-os-vision/master-spec.md,not release-qualified by this review
64,Full Disk Encryption,completed,Unverified FDE; XOR file storage is not full-disk encryption,M1/M2/M5; hardware TEE M7,supervisor/src/security/encrypted_store.rs,not release-qualified by this review
65,App Firewall & Network Policy,completed,Partial: firewall rule evaluator; production request enforcement not established,M1/M2/M5; hardware TEE M7,supervisor/src/security/firewall.rs; supervisor/src/ipc_commands/network_cmd.rs,not release-qualified by this review
66,Quarantine & Gatekeeper,completed,Design reviewed; implementation not individually established by this review,M1/M2/M5; hardware TEE M7,docs/superpowers/specs/desktop-os-vision/master-spec.md,not release-qualified by this review
67,Audio System,completed,Placeholder: state/logging without audio-device interaction,M4; camera/pro audio expansion M7,supervisor/src/audio.rs,not release-qualified by this review
68,Video Playback & Codecs,completed,App source exists; real decoder/audio/video pipeline unverified,M4; camera/pro audio expansion M7,apps/video-player/src/main.rs,not release-qualified by this review
69,Camera & Capture Pipeline,completed,Design reviewed; implementation not individually established by this review,M4; camera/pro audio expansion M7,docs/superpowers/specs/desktop-os-vision/master-spec.md,not release-qualified by this review
70,MIDI & Pro Audio,completed,Design reviewed; implementation not individually established by this review,M4; camera/pro audio expansion M7,docs/superpowers/specs/desktop-os-vision/master-spec.md,not release-qualified by this review
71,Image Processing Pipeline,completed,Partial image pipeline/apps; complete processing contract unverified,M4; camera/pro audio expansion M7,supervisor/src/image/mod.rs; apps/photo-editor/src/main.rs,not release-qualified by this review
72,PDF Rendering Engine,completed,Design reviewed; implementation not individually established by this review,M4; camera/pro audio expansion M7,docs/superpowers/specs/desktop-os-vision/master-spec.md,not release-qualified by this review
73,Notification Center,completed,Partial toast/notification implementations; workflow unverified,M3/M4/M5; ecosystem M7,supervisor/src/desktop/toast.rs; apps/notification-center/src/main.rs,not release-qualified by this review
74,Launch Services & App Registry,completed,Partial app launch/file associations; versioned service contract unverified,M3/M4/M5; ecosystem M7,supervisor/src/file_assoc.rs; supervisor/src/storage/packages.rs,not release-qualified by this review
75,App Distribution & Updates,completed,Release blocker: management push simulates activation and discards upload,M3/M4/M5; ecosystem M7,supervisor/src/system/mgmt_handlers.rs; supervisor/src/system/atomic_update.rs,not release-qualified by this review
76,WASM App Framework (AppKit equiv.),completed,Unverified shared SDK; sampled apps duplicate protocol/layout helpers,M3/M4/M5; ecosystem M7,apps/text-editor/src/main.rs; apps/browser/src/main.rs,not release-qualified by this review
77,Terminal & Shell,completed,Shell/terminal sources exist; define actual supported commands and developer workflows,M3/M4/M5; ecosystem M7,apps/shell/src/main.rs; apps/terminal/src/main.rs,not release-qualified by this review
78,System Preferences & Settings,completed,Multiple settings apps; consistent service-backed behavior unverified,M3/M4/M5; ecosystem M7,apps/settings/src/main.rs; apps/system-preferences/src/main.rs,not release-qualified by this review
79,Browser & WebView Engine,completed,Partial: HTTP/text browser; modern web engine not established,M3/M4/M5; ecosystem M7,apps/browser/src/main.rs,not release-qualified by this review
80,Localization & Internationalization,completed,Partial locale helpers; end-to-end localization/text coverage unverified,M3/M4/M5; ecosystem M7,supervisor/src/desktop/i18n.rs,not release-qualified by this review
